{
  "project_info": {
    "project_number": "368319584601",
    "project_id": "petshopseuze-35b3a",
    "storage_bucket": "petshopseuze-35b3a.appspot.com"
  },
  "client": [
    {
      "client_info": {
        "mobilesdk_app_id": "1:368319584601:android:46583296477f8263f95448",
        "android_client_info": {
          "package_name": "com.example.petshop"
        }
      },
      "oauth_client": [
        {
          "client_id": "368319584601-va2m37v663c4ii8ug6gnpn4i65g25kce.apps.googleusercontent.com",
          "client_type": 3
        }
      ],
      "api_key": [
        {
          "current_key": "AIzaSyCCsp4vI9sPEdzA-knq4yAjYykY6ITT40w"
        }
      ],
      "services": {
        "appinvite_service": {
          "other_platform_oauth_client": [
            {
              "client_id": "368319584601-va2m37v663c4ii8ug6gnpn4i65g25kce.apps.googleusercontent.com",
              "client_type": 3
            }
          ]
        }
      }
    }
  ],
  "configuration_version": "1"
}